Run_ID,Sim_ID,Start,End,Days,Prob_Long,Funds_Init_CC,Funds_Final_CC,DF_Excess,LP_Init_CC,LP_Final_CC,LP_Init_QC,LP_Final_QC,Volume_QC,Volume_CC,Funds_Init_QC,Funds_Final_QC,Profit_CC,Profit_QC,Liquid_Profit_QC,Liquid_Profit_CC,Annualized_Profit_QC,Annualized_Profit_CC,LP_QC_APY,LP_CC_APY,ProfitQC_per_VolumeQC,ProfitCC_per_VolumeCC
8767181625296,1599570409097170030,22-05-15 00:02,22-08-16 00:00,92.0,0.4,1530303.1058244822,1529808.5172206592,-1352909.804035864,154497.4465889617,19771.41427777145,106006.65861617604,18836.226382432862,396575089.03005624,556731167.6449089,1050000.0,1457448.574356122,-494.5886038229801,407448.57435612194,0.0,-494.5886038229801,1616507.930869397,-1962.226526036823,-3.262429165818655,-3.45967458273119,0.0010274184779297663,-8.883795852766694e-07
8767181625296,6213559849191424161,22-05-15 00:02,22-08-16 00:00,92.0,0.6,1530303.1058244822,1567731.1043799089,-377301.69839778077,154497.4465889617,168620.9151482867,106006.65861617604,160645.14586177273,317415757.23396957,438280875.9477875,1050000.0,1493577.423142739,37427.99855542672,443577.4231427391,0.0,0.0,1759845.2113815192,148491.51600794296,2.0448928587191757,0.3626812454614337,0.0013974650376785637,8.539728883786734e-05
8767181625296,-8212712532985093154,22-07-15 00:04,22-10-16 00:00,92.0,0.4,1477208.7788407428,1592067.7046866915,599175.4080110199,149137.1111651323,165640.31498994934,106006.65861617602,130748.04681225822,253267864.25902954,306578691.5803714,1050000.0,1256697.3371989222,114858.92584594875,206697.33719892218,206697.33719892218,114858.92584594875,820049.2182348542,455690.3036279488,0.9259679502024412,0.4390233043736646,0.0008161214522957505,0.0003746474526780274
8767181625296,7801991692183855768,22-07-15 00:04,22-10-16 00:00,92.0,0.6,1477208.7788407428,1641819.21784149,1337110.285350829,149137.1111651323,170487.6829419874,106006.65861617602,134574.31273035775,154333897.3656109,185258466.71778634,1050000.0,1295968.6533114214,164610.43900074717,245968.6533114214,245968.6533114214,164610.43900074717,975853.8962898784,653074.0242964425,1.0691692767017,0.5679744776372815,0.001593743548954326,0.0008885447554281373
